"TIME","GEO","UNIT","SECTOR","COFOG99","NA_ITEM","Value","Flag and Footnotes"
"1999","Belgium","Percentage of gross domestic product (GDP)","General government","Total","Total general government expenditure","50.5",""
"1999","Bulgaria","Percentage of gross domestic product (GDP)","General government","Total","Total general government expenditure","41.4",""
"1999","Czechia","Percentage of gross domestic product (GDP)","General government","Total","Total general government expenditure","41.2",""
"1999","Denmark","Percentage of gross domestic product (GDP)","General government","Total","Total general government expenditure","54.5",""
"1999","Germany (until 1990 former territory of the FRG)","Percentage of gross domestic product (GDP)","General government","Total","Total general government expenditure","48.2",""
"1999","Estonia","Percentage of gross domestic product (GDP)","General government","Total","Total general government expenditure","40.1",""
"1999","Ireland","Percentage of gross domestic product (GDP)","General government","Total","Total general government expenditure","32.9",""
"1999","Greece","Percentage of gross domestic product (GDP)","General government","Total","Total general government expenditure","46.2",""
"1999","Spain","Percentage of gross domestic product (GDP)","General government","Total","Total general government expenditure","39.9",""
"1999","France","Percentage of gross domestic product (GDP)","General government","Total","Total general government expenditure","52.6",""
"1999","Croatia","Percentage of gross domestic product (GDP)","General government","Total","Total general government expenditure","53.2",""
"1999","Italy","Percentage of gross domestic product (GDP)","General government","Total","Total general government expenditure","47.2",""
"1999","Cyprus","Percentage of gross domestic product (GDP)","General government","Total","Total general government expenditure","34.1",""
"1999","Latvia","Percentage of gross domestic product (GDP)","General government","Total","Total general government expenditure","40.9",""
"1999","Lithuania","Percentage of gross domestic product (GDP)","General government","Total","Total general government expenditure","40.8",""
"1999","Luxembourg","Percentage of gross domestic product (GDP)","General government","Total","Total general government expenditure","40.2",""
"1999","Hungary","Percentage of gross domestic product (GDP)","General government","Total","Total general government expenditure","49.0",""
"1999","Malta","Percentage of gross domestic product (GDP)","General government","Total","Total general government expenditure","41.5",""
"1999","Netherlands","Percentage of gross domestic product (GDP)","General government","Total","Total general government expenditure","43.4",""
"1999","Austria","Percentage of gross domestic product (GDP)","General government","Total","Total general government expenditure","52.1",""
"1999","Poland","Percentage of gross domestic product (GDP)","General government","Total","Total general government expenditure","43.3",""
"1999","Portugal","Percentage of gross domestic product (GDP)","General government","Total","Total general government expenditure","42.6",""
"1999","Romania","Percentage of gross domestic product (GDP)","General government","Total","Total general government expenditure","39.3",""
"1999","Slovenia","Percentage of gross domestic product (GDP)","General government","Total","Total general government expenditure","47.0",""
"1999","Slovakia","Percentage of gross domestic product (GDP)","General government","Total","Total general government expenditure","48.0",""
"1999","Finland","Percentage of gross domestic product (GDP)","General government","Total","Total general government expenditure","51.0",""
"1999","Sweden","Percentage of gross domestic product (GDP)","General government","Total","Total general government expenditure","56.0",""
"1999","Iceland","Percentage of gross domestic product (GDP)","General government","Total","Total general government expenditure","45.3",""
"1999","Norway","Percentage of gross domestic product (GDP)","General government","Total","Total general government expenditure","47.5",""
"1999","Switzerland","Percentage of gross domestic product (GDP)","General government","Total","Total general government expenditure","34.3",""
"1999","United Kingdom","Percentage of gross domestic product (GDP)","General government","Total","Total general government expenditure","35.1",""
"2000","Belgium","Percentage of gross domestic product (GDP)","General government","Total","Total general government expenditure","49.4",""
"2000","Bulgaria","Percentage of gross domestic product (GDP)","General government","Total","Total general government expenditure","40.8",""
"2000","Czechia","Percentage of gross domestic product (GDP)","General government","Total","Total general government expenditure","40.8",""
"2000","Denmark","Percentage of gross domestic product (GDP)","General government","Total","Total general government expenditure","52.7",""
"2000","Germany (until 1990 former territory of the FRG)","Percentage of gross domestic product (GDP)","General government","Total","Total general government expenditure","47.8",""
"2000","Estonia","Percentage of gross domestic product (GDP)","General government","Total","Total general government expenditure","36.3",""
"2000","Ireland","Percentage of gross domestic product (GDP)","General government","Total","Total general government expenditure","30.9",""
"2000","Greece","Percentage of gross domestic product (GDP)","General government","Total","Total general government expenditure","46.4",""
"2000","Spain","Percentage of gross domestic product (GDP)","General government","Total","Total general government expenditure","39.1",""
"2000","France","Percentage of gross domestic product (GDP)","General government","Total","Total general government expenditure","51.7",""
"2000","Croatia","Percentage of gross domestic product (GDP)","General government","Total","Total general government expenditure","49.8",""
"2000","Italy","Percentage of gross domestic product (GDP)","General government","Total","Total general government expenditure","46.5",""
"2000","Cyprus","Percentage of gross domestic product (GDP)","General government","Total","Total general government expenditure","34.4",""
"2000","Latvia","Percentage of gross domestic product (GDP)","General government","Total","Total general government expenditure","37.2",""
"2000","Lithuania","Percentage of gross domestic product (GDP)","General government","Total","Total general government expenditure","39.4",""
"2000","Luxembourg","Percentage of gross domestic product (GDP)","General government","Total","Total general government expenditure","38.0",""
"2000","Hungary","Percentage of gross domestic product (GDP)","General government","Total","Total general government expenditure","47.3",""
"2000","Malta","Percentage of gross domestic product (GDP)","General government","Total","Total general government expenditure","40.1",""
"2000","Netherlands","Percentage of gross domestic product (GDP)","General government","Total","Total general government expenditure","42.2",""
"2000","Austria","Percentage of gross domestic product (GDP)","General government","Total","Total general government expenditure","51.0",""
"2000","Poland","Percentage of gross domestic product (GDP)","General government","Total","Total general government expenditure","43.0",""
"2000","Portugal","Percentage of gross domestic product (GDP)","General government","Total","Total general government expenditure","42.7",""
"2000","Romania","Percentage of gross domestic product (GDP)","General government","Total","Total general government expenditure","38.5",""
"2000","Slovenia","Percentage of gross domestic product (GDP)","General government","Total","Total general government expenditure","47.5",""
"2000","Slovakia","Percentage of gross domestic product (GDP)","General government","Total","Total general government expenditure","52.8",""
"2000","Finland","Percentage of gross domestic product (GDP)","General government","Total","Total general government expenditure","47.9",""
"2000","Sweden","Percentage of gross domestic product (GDP)","General government","Total","Total general government expenditure","53.1",""
"2000","Iceland","Percentage of gross domestic product (GDP)","General government","Total","Total general government expenditure","44.8",""
"2000","Norway","Percentage of gross domestic product (GDP)","General government","Total","Total general government expenditure","42.4",""
"2000","Switzerland","Percentage of gross domestic product (GDP)","General government","Total","Total general government expenditure","33.2",""
"2000","United Kingdom","Percentage of gross domestic product (GDP)","General government","Total","Total general government expenditure","35.4",""
"2001","Belgium","Percentage of gross domestic product (GDP)","General government","Total","Total general government expenditure","49.4",""
"2001","Bulgaria","Percentage of gross domestic product (GDP)","General government","Total","Total general government expenditure","40.6",""
"2001","Czechia","Percentage of gross domestic product (GDP)","General government","Total","Total general government expenditure","43.3",""
"2001","Denmark","Percentage of gross domestic product (GDP)","General government","Total","Total general government expenditure","52.8",""
"2001","Germany (until 1990 former territory of the FRG)","Percentage of gross domestic product (GDP)","General government","Total","Total general government expenditure","47.4",""
"2001","Estonia","Percentage of gross domestic product (GDP)","General government","Total","Total general government expenditure","34.9",""
"2001","Ireland","Percentage of gross domestic product (GDP)","General government","Total","Total general government expenditure","32.5",""
"2001","Greece","Percentage of gross domestic product (GDP)","General government","Total","Total general government expenditure","46.0",""
"2001","Spain","Percentage of gross domestic product (GDP)","General government","Total","Total general government expenditure","38.4",""
"2001","France","Percentage of gross domestic product (GDP)","General government","Total","Total general government expenditure","51.7",""
"2001","Croatia","Percentage of gross domestic product (GDP)","General government","Total","Total general government expenditure","49.9",""
"2001","Italy","Percentage of gross domestic product (GDP)","General government","Total","Total general government expenditure","47.3",""
"2001","Cyprus","Percentage of gross domestic product (GDP)","General government","Total","Total general government expenditure","35.3",""
"2001","Latvia","Percentage of gross domestic product (GDP)","General government","Total","Total general government expenditure","34.7",""
"2001","Lithuania","Percentage of gross domestic product (GDP)","General government","Total","Total general government expenditure","37.1",""
"2001","Luxembourg","Percentage of gross domestic product (GDP)","General government","Total","Total general government expenditure","38.1",""
"2001","Hungary","Percentage of gross domestic product (GDP)","General government","Total","Total general government expenditure","47.3",""
"2001","Malta","Percentage of gross domestic product (GDP)","General government","Total","Total general government expenditure","41.5",""
"2001","Netherlands","Percentage of gross domestic product (GDP)","General government","Total","Total general government expenditure","42.9",""
"2001","Austria","Percentage of gross domestic product (GDP)","General government","Total","Total general government expenditure","51.4",""
"2001","Poland","Percentage of gross domestic product (GDP)","General government","Total","Total general government expenditure","45.0",""
"2001","Portugal","Percentage of gross domestic product (GDP)","General government","Total","Total general government expenditure","44.1",""
"2001","Romania","Percentage of gross domestic product (GDP)","General government","Total","Total general government expenditure","36.3",""
"2001","Slovenia","Percentage of gross domestic product (GDP)","General government","Total","Total general government expenditure","48.7",""
"2001","Slovakia","Percentage of gross domestic product (GDP)","General government","Total","Total general government expenditure","45.3",""
"2001","Finland","Percentage of gross domestic product (GDP)","General government","Total","Total general government expenditure","47.3",""
"2001","Sweden","Percentage of gross domestic product (GDP)","General government","Total","Total general government expenditure","52.5",""
"2001","Iceland","Percentage of gross domestic product (GDP)","General government","Total","Total general government expenditure","47.3",""
"2001","Norway","Percentage of gross domestic product (GDP)","General government","Total","Total general government expenditure","44.2",""
"2001","Switzerland","Percentage of gross domestic product (GDP)","General government","Total","Total general government expenditure","32.5",""
"2001","United Kingdom","Percentage of gross domestic product (GDP)","General government","Total","Total general government expenditure","36.4",""
"2002","Belgium","Percentage of gross domestic product (GDP)","General government","Total","Total general government expenditure","49.9",""
"2002","Bulgaria","Percentage of gross domestic product (GDP)","General government","Total","Total general government expenditure","39.1",""
"2002","Czechia","Percentage of gross domestic product (GDP)","General government","Total","Total general government expenditure","44.7",""
"2002","Denmark","Percentage of gross domestic product (GDP)","General government","Total","Total general government expenditure","53.2",""
"2002","Germany (until 1990 former territory of the FRG)","Percentage of gross domestic product (GDP)","General government","Total","Total general government expenditure","47.9",""
"2002","Estonia","Percentage of gross domestic product (GDP)","General government","Total","Total general government expenditure","35.9",""
"2002","Ireland","Percentage of gross domestic product (GDP)","General government","Total","Total general government expenditure","33.2",""
"2002","Greece","Percentage of gross domestic product (GDP)","General government","Total","Total general government expenditure","45.8",""
"2002","Spain","Percentage of gross domestic product (GDP)","General government","Total","Total general government expenditure","38.6",""
"2002","France","Percentage of gross domestic product (GDP)","General government","Total","Total general government expenditure","52.8",""
"2002","Croatia","Percentage of gross domestic product (GDP)","General government","Total","Total general government expenditure","50.7",""
"2002","Italy","Percentage of gross domestic product (GDP)","General government","Total","Total general government expenditure","46.7",""
"2002","Cyprus","Percentage of gross domestic product (GDP)","General government","Total","Total general government expenditure","37.0",""
"2002","Latvia","Percentage of gross domestic product (GDP)","General government","Total","Total general government expenditure","35.0",""
"2002","Lithuania","Percentage of gross domestic product (GDP)","General government","Total","Total general government expenditure","35.2",""
"2002","Luxembourg","Percentage of gross domestic product (GDP)","General government","Total","Total general government expenditure","41.8",""
"2002","Hungary","Percentage of gross domestic product (GDP)","General government","Total","Total general government expenditure","51.0",""
"2002","Malta","Percentage of gross domestic product (GDP)","General government","Total","Total general government expenditure","41.4",""
"2002","Netherlands","Percentage of gross domestic product (GDP)","General government","Total","Total general government expenditure","43.6",""
"2002","Austria","Percentage of gross domestic product (GDP)","General government","Total","Total general government expenditure","51.1",""
"2002","Poland","Percentage of gross domestic product (GDP)","General government","Total","Total general government expenditure","45.3",""
"2002","Portugal","Percentage of gross domestic product (GDP)","General government","Total","Total general government expenditure","43.7",""
"2002","Romania","Percentage of gross domestic product (GDP)","General government","Total","Total general government expenditure","34.9",""
"2002","Slovenia","Percentage of gross domestic product (GDP)","General government","Total","Total general government expenditure","47.3",""
"2002","Slovakia","Percentage of gross domestic product (GDP)","General government","Total","Total general government expenditure","45.4",""
"2002","Finland","Percentage of gross domestic product (GDP)","General government","Total","Total general government expenditure","48.5",""
"2002","Sweden","Percentage of gross domestic product (GDP)","General government","Total","Total general government expenditure","53.6",""
"2002","Iceland","Percentage of gross domestic product (GDP)","General government","Total","Total general government expenditure","45.5",""
"2002","Norway","Percentage of gross domestic product (GDP)","General government","Total","Total general government expenditure","47.2",""
"2002","Switzerland","Percentage of gross domestic product (GDP)","General government","Total","Total general government expenditure","35.0",""
"2002","United Kingdom","Percentage of gross domestic product (GDP)","General government","Total","Total general government expenditure","37.6",""
"2003","Belgium","Percentage of gross domestic product (GDP)","General government","Total","Total general government expenditure","51.0",""
"2003","Bulgaria","Percentage of gross domestic product (GDP)","General government","Total","Total general government expenditure","38.6",""
"2003","Czechia","Percentage of gross domestic product (GDP)","General government","Total","Total general government expenditure","49.1",""
"2003","Denmark","Percentage of gross domestic product (GDP)","General government","Total","Total general government expenditure","53.6",""
"2003","Germany (until 1990 former territory of the FRG)","Percentage of gross domestic product (GDP)","General government","Total","Total general government expenditure","48.3",""
"2003","Estonia","Percentage of gross domestic product (GDP)","General government","Total","Total general government expenditure","35.0",""
"2003","Ireland","Percentage of gross domestic product (GDP)","General government","Total","Total general government expenditure","33.0",""
"2003","Greece","Percentage of gross domestic product (GDP)","General government","Total","Total general government expenditure","46.6",""
"2003","Spain","Percentage of gross domestic product (GDP)","General government","Total","Total general government expenditure","38.4",""
"2003","France","Percentage of gross domestic product (GDP)","General government","Total","Total general government expenditure","53.3",""
"2003","Croatia","Percentage of gross domestic product (GDP)","General government","Total","Total general government expenditure","50.1",""
"2003","Italy","Percentage of gross domestic product (GDP)","General government","Total","Total general government expenditure","47.2",""
"2003","Cyprus","Percentage of gross domestic product (GDP)","General government","Total","Total general government expenditure","40.5",""
"2003","Latvia","Percentage of gross domestic product (GDP)","General government","Total","Total general government expenditure","33.8",""
"2003","Lithuania","Percentage of gross domestic product (GDP)","General government","Total","Total general government expenditure","33.6",""
"2003","Luxembourg","Percentage of gross domestic product (GDP)","General government","Total","Total general government expenditure","43.3",""
"2003","Hungary","Percentage of gross domestic product (GDP)","General government","Total","Total general government expenditure","49.1",""
"2003","Malta","Percentage of gross domestic product (GDP)","General government","Total","Total general government expenditure","44.9",""
"2003","Netherlands","Percentage of gross domestic product (GDP)","General government","Total","Total general government expenditure","44.5",""
"2003","Austria","Percentage of gross domestic product (GDP)","General government","Total","Total general government expenditure","51.3",""
"2003","Poland","Percentage of gross domestic product (GDP)","General government","Total","Total general government expenditure","45.7",""
"2003","Portugal","Percentage of gross domestic product (GDP)","General government","Total","Total general government expenditure","45.4",""
"2003","Romania","Percentage of gross domestic product (GDP)","General government","Total","Total general government expenditure","34.3",""
"2003","Slovenia","Percentage of gross domestic product (GDP)","General government","Total","Total general government expenditure","47.2",""
"2003","Slovakia","Percentage of gross domestic product (GDP)","General government","Total","Total general government expenditure","40.4",""
"2003","Finland","Percentage of gross domestic product (GDP)","General government","Total","Total general government expenditure","49.3",""
"2003","Sweden","Percentage of gross domestic product (GDP)","General government","Total","Total general government expenditure","53.8",""
"2003","Iceland","Percentage of gross domestic product (GDP)","General government","Total","Total general government expenditure","47.7",""
"2003","Norway","Percentage of gross domestic product (GDP)","General government","Total","Total general government expenditure","48.3",""
"2003","Switzerland","Percentage of gross domestic product (GDP)","General government","Total","Total general government expenditure","34.1",""
"2003","United Kingdom","Percentage of gross domestic product (GDP)","General government","Total","Total general government expenditure","38.8",""
"2004","Belgium","Percentage of gross domestic product (GDP)","General government","Total","Total general government expenditure","49.3",""
"2004","Bulgaria","Percentage of gross domestic product (GDP)","General government","Total","Total general government expenditure","37.8",""
"2004","Czechia","Percentage of gross domestic product (GDP)","General government","Total","Total general government expenditure","42.3",""
"2004","Denmark","Percentage of gross domestic product (GDP)","General government","Total","Total general government expenditure","53.0",""
"2004","Germany (until 1990 former territory of the FRG)","Percentage of gross domestic product (GDP)","General government","Total","Total general government expenditure","46.8",""
"2004","Estonia","Percentage of gross domestic product (GDP)","General government","Total","Total general government expenditure","34.1",""
"2004","Ireland","Percentage of gross domestic product (GDP)","General government","Total","Total general government expenditure","33.2",""
"2004","Greece","Percentage of gross domestic product (GDP)","General government","Total","Total general government expenditure","47.6",""
"2004","Spain","Percentage of gross domestic product (GDP)","General government","Total","Total general government expenditure","38.8",""
"2004","France","Percentage of gross domestic product (GDP)","General government","Total","Total general government expenditure","53.0",""
"2004","Croatia","Percentage of gross domestic product (GDP)","General government","Total","Total general government expenditure","49.0",""
"2004","Italy","Percentage of gross domestic product (GDP)","General government","Total","Total general government expenditure","46.9",""
"2004","Cyprus","Percentage of gross domestic product (GDP)","General government","Total","Total general government expenditure","38.5",""
"2004","Latvia","Percentage of gross domestic product (GDP)","General government","Total","Total general government expenditure","35.1",""
"2004","Lithuania","Percentage of gross domestic product (GDP)","General government","Total","Total general government expenditure","34.1",""
"2004","Luxembourg","Percentage of gross domestic product (GDP)","General government","Total","Total general government expenditure","43.7",""
"2004","Hungary","Percentage of gross domestic product (GDP)","General government","Total","Total general government expenditure","48.8",""
"2004","Malta","Percentage of gross domestic product (GDP)","General government","Total","Total general government expenditure","41.9",""
"2004","Netherlands","Percentage of gross domestic product (GDP)","General government","Total","Total general government expenditure","43.5",""
"2004","Austria","Percentage of gross domestic product (GDP)","General government","Total","Total general government expenditure","53.7",""
"2004","Poland","Percentage of gross domestic product (GDP)","General government","Total","Total general government expenditure","43.6",""
"2004","Portugal","Percentage of gross domestic product (GDP)","General government","Total","Total general government expenditure","46.2",""
"2004","Romania","Percentage of gross domestic product (GDP)","General government","Total","Total general government expenditure","33.8",""
"2004","Slovenia","Percentage of gross domestic product (GDP)","General government","Total","Total general government expenditure","46.6",""
"2004","Slovakia","Percentage of gross domestic product (GDP)","General government","Total","Total general government expenditure","37.9",""
"2004","Finland","Percentage of gross domestic product (GDP)","General government","Total","Total general government expenditure","49.1",""
"2004","Sweden","Percentage of gross domestic product (GDP)","General government","Total","Total general government expenditure","52.5",""
"2004","Iceland","Percentage of gross domestic product (GDP)","General government","Total","Total general government expenditure","46.5",""
"2004","Norway","Percentage of gross domestic product (GDP)","General government","Total","Total general government expenditure","45.4",""
"2004","Switzerland","Percentage of gross domestic product (GDP)","General government","Total","Total general government expenditure","33.8",""
"2004","United Kingdom","Percentage of gross domestic product (GDP)","General government","Total","Total general government expenditure","40.1",""
"2005","Belgium","Percentage of gross domestic product (GDP)","General government","Total","Total general government expenditure","51.9",""
"2005","Bulgaria","Percentage of gross domestic product (GDP)","General government","Total","Total general government expenditure","36.7",""
"2005","Czechia","Percentage of gross domestic product (GDP)","General government","Total","Total general government expenditure","42.4",""
"2005","Denmark","Percentage of gross domestic product (GDP)","General government","Total","Total general government expenditure","51.2",""
"2005","Germany (until 1990 former territory of the FRG)","Percentage of gross domestic product (GDP)","General government","Total","Total general government expenditure","46.8",""
"2005","Estonia","Percentage of gross domestic product (GDP)","General government","Total","Total general government expenditure","33.7",""
"2005","Ireland","Percentage of gross domestic product (GDP)","General government","Total","Total general government expenditure","33.4",""
"2005","Greece","Percentage of gross domestic product (GDP)","General government","Total","Total general government expenditure","45.6",""
"2005","Spain","Percentage of gross domestic product (GDP)","General government","Total","Total general government expenditure","38.5",""
"2005","France","Percentage of gross domestic product (GDP)","General government","Total","Total general government expenditure","53.3",""
"2005","Croatia","Percentage of gross domestic product (GDP)","General government","Total","Total general government expenditure","46.9",""
"2005","Italy","Percentage of gross domestic product (GDP)","General government","Total","Total general government expenditure","47.2",""
"2005","Cyprus","Percentage of gross domestic product (GDP)","General government","Total","Total general government expenditure","39.3",""
"2005","Latvia","Percentage of gross domestic product (GDP)","General government","Total","Total general government expenditure","34.9",""
"2005","Lithuania","Percentage of gross domestic product (GDP)","General government","Total","Total general government expenditure","34.1",""
"2005","Luxembourg","Percentage of gross domestic product (GDP)","General government","Total","Total general government expenditure","43.4",""
"2005","Hungary","Percentage of gross domestic product (GDP)","General government","Total","Total general government expenditure","49.4",""
"2005","Malta","Percentage of gross domestic product (GDP)","General government","Total","Total general government expenditure","42.4",""
"2005","Netherlands","Percentage of gross domestic product (GDP)","General government","Total","Total general government expenditure","42.2",""
"2005","Austria","Percentage of gross domestic product (GDP)","General government","Total","Total general government expenditure","51.2",""
"2005","Poland","Percentage of gross domestic product (GDP)","General government","Total","Total general government expenditure","44.2",""
"2005","Portugal","Percentage of gross domestic product (GDP)","General government","Total","Total general government expenditure","46.8",""
"2005","Romania","Percentage of gross domestic product (GDP)","General government","Total","Total general government expenditure","33.5",""
"2005","Slovenia","Percentage of gross domestic product (GDP)","General government","Total","Total general government expenditure","46.4",""
"2005","Slovakia","Percentage of gross domestic product (GDP)","General government","Total","Total general government expenditure","39.7",""
"2005","Finland","Percentage of gross domestic product (GDP)","General government","Total","Total general government expenditure","49.0",""
"2005","Sweden","Percentage of gross domestic product (GDP)","General government","Total","Total general government expenditure","52.3",""
"2005","Iceland","Percentage of gross domestic product (GDP)","General government","Total","Total general government expenditure","44.7",""
"2005","Norway","Percentage of gross domestic product (GDP)","General government","Total","Total general government expenditure","42.5",""
"2005","Switzerland","Percentage of gross domestic product (GDP)","General government","Total","Total general government expenditure","33.1",""
"2005","United Kingdom","Percentage of gross domestic product (GDP)","General government","Total","Total general government expenditure","41.3",""
"2006","Belgium","Percentage of gross domestic product (GDP)","General government","Total","Total general government expenditure","48.8",""
"2006","Bulgaria","Percentage of gross domestic product (GDP)","General government","Total","Total general government expenditure","33.7",""
"2006","Czechia","Percentage of gross domestic product (GDP)","General government","Total","Total general government expenditure","41.5",""
"2006","Denmark","Percentage of gross domestic product (GDP)","General government","Total","Total general government expenditure","49.8",""
"2006","Germany (until 1990 former territory of the FRG)","Percentage of gross domestic product (GDP)","General government","Total","Total general government expenditure","45.2",""
"2006","Estonia","Percentage of gross domestic product (GDP)","General government","Total","Total general government expenditure","33.5",""
"2006","Ireland","Percentage of gross domestic product (GDP)","General government","Total","Total general government expenditure","33.9",""
"2006","Greece","Percentage of gross domestic product (GDP)","General government","Total","Total general government expenditure","45.1",""
"2006","Spain","Percentage of gross domestic product (GDP)","General government","Total","Total general government expenditure","38.4",""
"2006","France","Percentage of gross domestic product (GDP)","General government","Total","Total general government expenditure","52.9",""
"2006","Croatia","Percentage of gross domestic product (GDP)","General government","Total","Total general government expenditure","46.6",""
"2006","Italy","Percentage of gross domestic product (GDP)","General government","Total","Total general government expenditure","47.8",""
"2006","Cyprus","Percentage of gross domestic product (GDP)","General government","Total","Total general government expenditure","38.7",""
"2006","Latvia","Percentage of gross domestic product (GDP)","General government","Total","Total general government expenditure","36.6",""
"2006","Lithuania","Percentage of gross domestic product (GDP)","General government","Total","Total general government expenditure","34.3",""
"2006","Luxembourg","Percentage of gross domestic product (GDP)","General government","Total","Total general government expenditure","39.4",""
"2006","Hungary","Percentage of gross domestic product (GDP)","General government","Total","Total general government expenditure","51.4",""
"2006","Malta","Percentage of gross domestic product (GDP)","General government","Total","Total general government expenditure","42.2",""
"2006","Netherlands","Percentage of gross domestic product (GDP)","General government","Total","Total general government expenditure","43.0",""
"2006","Austria","Percentage of gross domestic product (GDP)","General government","Total","Total general government expenditure","50.4",""
"2006","Poland","Percentage of gross domestic product (GDP)","General government","Total","Total general government expenditure","44.5",""
"2006","Portugal","Percentage of gross domestic product (GDP)","General government","Total","Total general government expenditure","45.2",""
"2006","Romania","Percentage of gross domestic product (GDP)","General government","Total","Total general government expenditure","35.6",""
"2006","Slovenia","Percentage of gross domestic product (GDP)","General government","Total","Total general government expenditure","45.5",""
"2006","Slovakia","Percentage of gross domestic product (GDP)","General government","Total","Total general government expenditure","38.8",""
"2006","Finland","Percentage of gross domestic product (GDP)","General government","Total","Total general government expenditure","48.1",""
"2006","Sweden","Percentage of gross domestic product (GDP)","General government","Total","Total general government expenditure","51.1",""
"2006","Iceland","Percentage of gross domestic product (GDP)","General government","Total","Total general government expenditure","44.6",""
"2006","Norway","Percentage of gross domestic product (GDP)","General government","Total","Total general government expenditure","41.2",""
"2006","Switzerland","Percentage of gross domestic product (GDP)","General government","Total","Total general government expenditure","31.2",""
"2006","United Kingdom","Percentage of gross domestic product (GDP)","General government","Total","Total general government expenditure","40.8",""
"2007","Belgium","Percentage of gross domestic product (GDP)","General government","Total","Total general government expenditure","48.6",""
"2007","Bulgaria","Percentage of gross domestic product (GDP)","General government","Total","Total general government expenditure","37.7",""
"2007","Czechia","Percentage of gross domestic product (GDP)","General government","Total","Total general government expenditure","40.4",""
"2007","Denmark","Percentage of gross domestic product (GDP)","General government","Total","Total general government expenditure","49.6",""
"2007","Germany (until 1990 former territory of the FRG)","Percentage of gross domestic product (GDP)","General government","Total","Total general government expenditure","43.4",""
"2007","Estonia","Percentage of gross domestic product (GDP)","General government","Total","Total general government expenditure","33.7",""
"2007","Ireland","Percentage of gross domestic product (GDP)","General government","Total","Total general government expenditure","36.0",""
"2007","Greece","Percentage of gross domestic product (GDP)","General government","Total","Total general government expenditure","47.1",""
"2007","Spain","Percentage of gross domestic product (GDP)","General government","Total","Total general government expenditure","39.3",""
"2007","France","Percentage of gross domestic product (GDP)","General government","Total","Total general government expenditure","52.6",""
"2007","Croatia","Percentage of gross domestic product (GDP)","General government","Total","Total general government expenditure","46.1",""
"2007","Italy","Percentage of gross domestic product (GDP)","General government","Total","Total general government expenditure","46.8",""
"2007","Cyprus","Percentage of gross domestic product (GDP)","General government","Total","Total general government expenditure","37.6",""
"2007","Latvia","Percentage of gross domestic product (GDP)","General government","Total","Total general government expenditure","34.6",""
"2007","Lithuania","Percentage of gross domestic product (GDP)","General government","Total","Total general government expenditure","35.3",""
"2007","Luxembourg","Percentage of gross domestic product (GDP)","General government","Total","Total general government expenditure","37.4",""
"2007","Hungary","Percentage of gross domestic product (GDP)","General government","Total","Total general government expenditure","49.9",""
"2007","Malta","Percentage of gross domestic product (GDP)","General government","Total","Total general government expenditure","40.9",""
"2007","Netherlands","Percentage of gross domestic product (GDP)","General government","Total","Total general government expenditure","42.3",""
"2007","Austria","Percentage of gross domestic product (GDP)","General government","Total","Total general government expenditure","49.2",""
"2007","Poland","Percentage of gross domestic product (GDP)","General government","Total","Total general government expenditure","42.9",""
"2007","Portugal","Percentage of gross domestic product (GDP)","General government","Total","Total general government expenditure","44.5",""
"2007","Romania","Percentage of gross domestic product (GDP)","General government","Total","Total general government expenditure","37.5",""
"2007","Slovenia","Percentage of gross domestic product (GDP)","General government","Total","Total general government expenditure","43.4",""
"2007","Slovakia","Percentage of gross domestic product (GDP)","General government","Total","Total general government expenditure","36.4",""
"2007","Finland","Percentage of gross domestic product (GDP)","General government","Total","Total general government expenditure","46.6",""
"2007","Sweden","Percentage of gross domestic product (GDP)","General government","Total","Total general government expenditure","49.3",""
"2007","Iceland","Percentage of gross domestic product (GDP)","General government","Total","Total general government expenditure","44.5",""
"2007","Norway","Percentage of gross domestic product (GDP)","General government","Total","Total general government expenditure","41.7",""
"2007","Switzerland","Percentage of gross domestic product (GDP)","General government","Total","Total general government expenditure","30.1",""
"2007","United Kingdom","Percentage of gross domestic product (GDP)","General government","Total","Total general government expenditure","41.0",""
"2008","Belgium","Percentage of gross domestic product (GDP)","General government","Total","Total general government expenditure","50.8",""
"2008","Bulgaria","Percentage of gross domestic product (GDP)","General government","Total","Total general government expenditure","37.1",""
"2008","Czechia","Percentage of gross domestic product (GDP)","General government","Total","Total general government expenditure","40.9",""
"2008","Denmark","Percentage of gross domestic product (GDP)","General government","Total","Total general government expenditure","50.4",""
"2008","Germany (until 1990 former territory of the FRG)","Percentage of gross domestic product (GDP)","General government","Total","Total general government expenditure","44.2",""
"2008","Estonia","Percentage of gross domestic product (GDP)","General government","Total","Total general government expenditure","39.4",""
"2008","Ireland","Percentage of gross domestic product (GDP)","General government","Total","Total general government expenditure","41.9",""
"2008","Greece","Percentage of gross domestic product (GDP)","General government","Total","Total general government expenditure","50.8",""
"2008","Spain","Percentage of gross domestic product (GDP)","General government","Total","Total general government expenditure","41.4",""
"2008","France","Percentage of gross domestic product (GDP)","General government","Total","Total general government expenditure","53.3",""
"2008","Croatia","Percentage of gross domestic product (GDP)","General government","Total","Total general government expenditure","46.2",""
"2008","Italy","Percentage of gross domestic product (GDP)","General government","Total","Total general government expenditure","47.8",""
"2008","Cyprus","Percentage of gross domestic product (GDP)","General government","Total","Total general government expenditure","38.4",""
"2008","Latvia","Percentage of gross domestic product (GDP)","General government","Total","Total general government expenditure","38.4",""
"2008","Lithuania","Percentage of gross domestic product (GDP)","General government","Total","Total general government expenditure","38.1",""
"2008","Luxembourg","Percentage of gross domestic product (GDP)","General government","Total","Total general government expenditure","37.9",""
"2008","Hungary","Percentage of gross domestic product (GDP)","General government","Total","Total general government expenditure","48.8",""
"2008","Malta","Percentage of gross domestic product (GDP)","General government","Total","Total general government expenditure","42.1",""
"2008","Netherlands","Percentage of gross domestic product (GDP)","General government","Total","Total general government expenditure","43.1",""
"2008","Austria","Percentage of gross domestic product (GDP)","General government","Total","Total general government expenditure","49.9",""
"2008","Poland","Percentage of gross domestic product (GDP)","General government","Total","Total general government expenditure","44.2",""
"2008","Portugal","Percentage of gross domestic product (GDP)","General government","Total","Total general government expenditure","45.3",""
"2008","Romania","Percentage of gross domestic product (GDP)","General government","Total","Total general government expenditure","37.6",""
"2008","Slovenia","Percentage of gross domestic product (GDP)","General government","Total","Total general government expenditure","45.1",""
"2008","Slovakia","Percentage of gross domestic product (GDP)","General government","Total","Total general government expenditure","37.0",""
"2008","Finland","Percentage of gross domestic product (GDP)","General government","Total","Total general government expenditure","47.9",""
"2008","Sweden","Percentage of gross domestic product (GDP)","General government","Total","Total general government expenditure","50.0",""
"2008","Iceland","Percentage of gross domestic product (GDP)","General government","Total","Total general government expenditure","63.1",""
"2008","Norway","Percentage of gross domestic product (GDP)","General government","Total","Total general government expenditure","40.6",""
"2008","Switzerland","Percentage of gross domestic product (GDP)","General government","Total","Total general government expenditure","30.6",""
"2008","United Kingdom","Percentage of gross domestic product (GDP)","General government","Total","Total general government expenditure","44.4",""
"2009","Belgium","Percentage of gross domestic product (GDP)","General government","Total","Total general government expenditure","54.7",""
"2009","Bulgaria","Percentage of gross domestic product (GDP)","General government","Total","Total general government expenditure","39.3",""
"2009","Czechia","Percentage of gross domestic product (GDP)","General government","Total","Total general government expenditure","44.4",""
"2009","Denmark","Percentage of gross domestic product (GDP)","General government","Total","Total general government expenditure","56.5",""
"2009","Germany (until 1990 former territory of the FRG)","Percentage of gross domestic product (GDP)","General government","Total","Total general government expenditure","48.2",""
"2009","Estonia","Percentage of gross domestic product (GDP)","General government","Total","Total general government expenditure","45.6",""
"2009","Ireland","Percentage of gross domestic product (GDP)","General government","Total","Total general government expenditure","47.1",""
"2009","Greece","Percentage of gross domestic product (GDP)","General government","Total","Total general government expenditure","54.1",""
"2009","Spain","Percentage of gross domestic product (GDP)","General government","Total","Total general government expenditure","46.2",""
"2009","France","Percentage of gross domestic product (GDP)","General government","Total","Total general government expenditure","57.2",""
"2009","Croatia","Percentage of gross domestic product (GDP)","General government","Total","Total general government expenditure","49.3",""
"2009","Italy","Percentage of gross domestic product (GDP)","General government","Total","Total general government expenditure","51.1",""
"2009","Cyprus","Percentage of gross domestic product (GDP)","General government","Total","Total general government expenditure","42.1",""
"2009","Latvia","Percentage of gross domestic product (GDP)","General government","Total","Total general government expenditure","45.2",""
"2009","Lithuania","Percentage of gross domestic product (GDP)","General government","Total","Total general government expenditure","45.0",""
"2009","Luxembourg","Percentage of gross domestic product (GDP)","General government","Total","Total general government expenditure","42.7",""
"2009","Hungary","Percentage of gross domestic product (GDP)","General government","Total","Total general government expenditure","50.7",""
"2009","Malta","Percentage of gross domestic product (GDP)","General government","Total","Total general government expenditure","41.1",""
"2009","Netherlands","Percentage of gross domestic product (GDP)","General government","Total","Total general government expenditure","47.6",""
"2009","Austria","Percentage of gross domestic product (GDP)","General government","Total","Total general government expenditure","54.1",""
"2009","Poland","Percentage of gross domestic product (GDP)","General government","Total","Total general government expenditure","45.0",""
"2009","Portugal","Percentage of gross domestic product (GDP)","General government","Total","Total general government expenditure","50.2",""
"2009","Romania","Percentage of gross domestic product (GDP)","General government","Total","Total general government expenditure","39.4",""
"2009","Slovenia","Percentage of gross domestic product (GDP)","General government","Total","Total general government expenditure","49.4",""
"2009","Slovakia","Percentage of gross domestic product (GDP)","General government","Total","Total general government expenditure","44.4",""
"2009","Finland","Percentage of gross domestic product (GDP)","General government","Total","Total general government expenditure","54.1",""
"2009","Sweden","Percentage of gross domestic product (GDP)","General government","Total","Total general government expenditure","52.4",""
"2009","Iceland","Percentage of gross domestic product (GDP)","General government","Total","Total general government expenditure","53.3",""
"2009","Norway","Percentage of gross domestic product (GDP)","General government","Total","Total general government expenditure","46.5",""
"2009","Switzerland","Percentage of gross domestic product (GDP)","General government","Total","Total general government expenditure","32.5",""
"2009","United Kingdom","Percentage of gross domestic product (GDP)","General government","Total","Total general government expenditure","47.2",""
"2010","Belgium","Percentage of gross domestic product (GDP)","General government","Total","Total general government expenditure","53.9",""
"2010","Bulgaria","Percentage of gross domestic product (GDP)","General government","Total","Total general government expenditure","36.3",""
"2010","Czechia","Percentage of gross domestic product (GDP)","General government","Total","Total general government expenditure","43.6",""
"2010","Denmark","Percentage of gross domestic product (GDP)","General government","Total","Total general government expenditure","56.7",""
"2010","Germany (until 1990 former territory of the FRG)","Percentage of gross domestic product (GDP)","General government","Total","Total general government expenditure","48.1",""
"2010","Estonia","Percentage of gross domestic product (GDP)","General government","Total","Total general government expenditure","40.0",""
"2010","Ireland","Percentage of gross domestic product (GDP)","General government","Total","Total general government expenditure","65.1",""
"2010","Greece","Percentage of gross domestic product (GDP)","General government","Total","Total general government expenditure","53.0",""
"2010","Spain","Percentage of gross domestic product (GDP)","General government","Total","Total general government expenditure","46.0",""
"2010","France","Percentage of gross domestic product (GDP)","General government","Total","Total general government expenditure","56.9",""
"2010","Croatia","Percentage of gross domestic product (GDP)","General government","Total","Total general government expenditure","48.9",""
"2010","Italy","Percentage of gross domestic product (GDP)","General government","Total","Total general government expenditure","49.9",""
"2010","Cyprus","Percentage of gross domestic product (GDP)","General government","Total","Total general government expenditure","41.8",""
"2010","Latvia","Percentage of gross domestic product (GDP)","General government","Total","Total general government expenditure","46.0",""
"2010","Lithuania","Percentage of gross domestic product (GDP)","General government","Total","Total general government expenditure","42.4",""
"2010","Luxembourg","Percentage of gross domestic product (GDP)","General government","Total","Total general government expenditure","42.0",""
"2010","Hungary","Percentage of gross domestic product (GDP)","General government","Total","Total general government expenditure","48.9",""
"2010","Malta","Percentage of gross domestic product (GDP)","General government","Total","Total general government expenditure","39.8",""
"2010","Netherlands","Percentage of gross domestic product (GDP)","General government","Total","Total general government expenditure","47.9",""
"2010","Austria","Percentage of gross domestic product (GDP)","General government","Total","Total general government expenditure","52.8",""
"2010","Poland","Percentage of gross domestic product (GDP)","General government","Total","Total general government expenditure","45.8",""
"2010","Portugal","Percentage of gross domestic product (GDP)","General government","Total","Total general government expenditure","51.9",""
"2010","Romania","Percentage of gross domestic product (GDP)","General government","Total","Total general government expenditure","40.0",""
"2010","Slovenia","Percentage of gross domestic product (GDP)","General government","Total","Total general government expenditure","50.2",""
"2010","Slovakia","Percentage of gross domestic product (GDP)","General government","Total","Total general government expenditure","42.5",""
"2010","Finland","Percentage of gross domestic product (GDP)","General government","Total","Total general government expenditure","53.9",""
"2010","Sweden","Percentage of gross domestic product (GDP)","General government","Total","Total general government expenditure","50.4",""
"2010","Iceland","Percentage of gross domestic product (GDP)","General government","Total","Total general government expenditure","48.6",""
"2010","Norway","Percentage of gross domestic product (GDP)","General government","Total","Total general government expenditure","45.4",""
"2010","Switzerland","Percentage of gross domestic product (GDP)","General government","Total","Total general government expenditure","32.1",""
"2010","United Kingdom","Percentage of gross domestic product (GDP)","General government","Total","Total general government expenditure","47.3",""
"2011","Belgium","Percentage of gross domestic product (GDP)","General government","Total","Total general government expenditure","55.3",""
"2011","Bulgaria","Percentage of gross domestic product (GDP)","General government","Total","Total general government expenditure","33.9",""
"2011","Czechia","Percentage of gross domestic product (GDP)","General government","Total","Total general government expenditure","43.2",""
"2011","Denmark","Percentage of gross domestic product (GDP)","General government","Total","Total general government expenditure","56.4",""
"2011","Germany (until 1990 former territory of the FRG)","Percentage of gross domestic product (GDP)","General government","Total","Total general government expenditure","45.2",""
"2011","Estonia","Percentage of gross domestic product (GDP)","General government","Total","Total general government expenditure","37.1",""
"2011","Ireland","Percentage of gross domestic product (GDP)","General government","Total","Total general government expenditure","46.9",""
"2011","Greece","Percentage of gross domestic product (GDP)","General government","Total","Total general government expenditure","55.1",""
"2011","Spain","Percentage of gross domestic product (GDP)","General government","Total","Total general government expenditure","46.2",""
"2011","France","Percentage of gross domestic product (GDP)","General government","Total","Total general government expenditure","56.3",""
"2011","Croatia","Percentage of gross domestic product (GDP)","General government","Total","Total general government expenditure","49.4",""
"2011","Italy","Percentage of gross domestic product (GDP)","General government","Total","Total general government expenditure","49.2",""
"2011","Cyprus","Percentage of gross domestic product (GDP)","General government","Total","Total general government expenditure","42.2",""
"2011","Latvia","Percentage of gross domestic product (GDP)","General government","Total","Total general government expenditure","40.9",""
"2011","Lithuania","Percentage of gross domestic product (GDP)","General government","Total","Total general government expenditure","42.5",""
"2011","Luxembourg","Percentage of gross domestic product (GDP)","General government","Total","Total general government expenditure","41.5",""
"2011","Hungary","Percentage of gross domestic product (GDP)","General government","Total","Total general government expenditure","49.1",""
"2011","Malta","Percentage of gross domestic product (GDP)","General government","Total","Total general government expenditure","40.8",""
"2011","Netherlands","Percentage of gross domestic product (GDP)","General government","Total","Total general government expenditure","46.8",""
"2011","Austria","Percentage of gross domestic product (GDP)","General government","Total","Total general government expenditure","50.9",""
"2011","Poland","Percentage of gross domestic product (GDP)","General government","Total","Total general government expenditure","44.1",""
"2011","Portugal","Percentage of gross domestic product (GDP)","General government","Total","Total general government expenditure","50.0",""
"2011","Romania","Percentage of gross domestic product (GDP)","General government","Total","Total general government expenditure","39.6",""
"2011","Slovenia","Percentage of gross domestic product (GDP)","General government","Total","Total general government expenditure","50.9",""
"2011","Slovakia","Percentage of gross domestic product (GDP)","General government","Total","Total general government expenditure","41.6",""
"2011","Finland","Percentage of gross domestic product (GDP)","General government","Total","Total general government expenditure","53.7",""
"2011","Sweden","Percentage of gross domestic product (GDP)","General government","Total","Total general government expenditure","49.8",""
"2011","Iceland","Percentage of gross domestic product (GDP)","General government","Total","Total general government expenditure","50.4",""
"2011","Norway","Percentage of gross domestic product (GDP)","General government","Total","Total general government expenditure","44.2",""
"2011","Switzerland","Percentage of gross domestic product (GDP)","General government","Total","Total general government expenditure","32.1",""
"2011","United Kingdom","Percentage of gross domestic product (GDP)","General government","Total","Total general government expenditure","45.8",""
"2012","Belgium","Percentage of gross domestic product (GDP)","General government","Total","Total general government expenditure","56.5",""
"2012","Bulgaria","Percentage of gross domestic product (GDP)","General government","Total","Total general government expenditure","34.4",""
"2012","Czechia","Percentage of gross domestic product (GDP)","General government","Total","Total general government expenditure","44.7",""
"2012","Denmark","Percentage of gross domestic product (GDP)","General government","Total","Total general government expenditure","58.0",""
"2012","Germany (until 1990 former territory of the FRG)","Percentage of gross domestic product (GDP)","General government","Total","Total general government expenditure","44.9",""
"2012","Estonia","Percentage of gross domestic product (GDP)","General government","Total","Total general government expenditure","39.0",""
"2012","Ireland","Percentage of gross domestic product (GDP)","General government","Total","Total general government expenditure","42.5",""
"2012","Greece","Percentage of gross domestic product (GDP)","General government","Total","Total general government expenditure","56.6",""
"2012","Spain","Percentage of gross domestic product (GDP)","General government","Total","Total general government expenditure","48.7",""
"2012","France","Percentage of gross domestic product (GDP)","General government","Total","Total general government expenditure","57.1",""
"2012","Croatia","Percentage of gross domestic product (GDP)","General government","Total","Total general government expenditure","48.8",""
"2012","Italy","Percentage of gross domestic product (GDP)","General government","Total","Total general government expenditure","50.6",""
"2012","Cyprus","Percentage of gross domestic product (GDP)","General government","Total","Total general government expenditure","42.2",""
"2012","Latvia","Percentage of gross domestic product (GDP)","General government","Total","Total general government expenditure","38.6",""
"2012","Lithuania","Percentage of gross domestic product (GDP)","General government","Total","Total general government expenditure","36.1",""
"2012","Luxembourg","Percentage of gross domestic product (GDP)","General government","Total","Total general government expenditure","41.8",""
"2012","Hungary","Percentage of gross domestic product (GDP)","General government","Total","Total general government expenditure","49.2",""
"2012","Malta","Percentage of gross domestic product (GDP)","General government","Total","Total general government expenditure","41.7",""
"2012","Netherlands","Percentage of gross domestic product (GDP)","General government","Total","Total general government expenditure","46.8",""
"2012","Austria","Percentage of gross domestic product (GDP)","General government","Total","Total general government expenditure","51.2",""
"2012","Poland","Percentage of gross domestic product (GDP)","General government","Total","Total general government expenditure","43.1",""
"2012","Portugal","Percentage of gross domestic product (GDP)","General government","Total","Total general government expenditure","48.9",""
"2012","Romania","Percentage of gross domestic product (GDP)","General government","Total","Total general government expenditure","37.5",""
"2012","Slovenia","Percentage of gross domestic product (GDP)","General government","Total","Total general government expenditure","49.4",""
"2012","Slovakia","Percentage of gross domestic product (GDP)","General government","Total","Total general government expenditure","41.1",""
"2012","Finland","Percentage of gross domestic product (GDP)","General government","Total","Total general government expenditure","55.4",""
"2012","Sweden","Percentage of gross domestic product (GDP)","General government","Total","Total general government expenditure","51.0",""
"2012","Iceland","Percentage of gross domestic product (GDP)","General government","Total","Total general government expenditure","47.6",""
"2012","Norway","Percentage of gross domestic product (GDP)","General government","Total","Total general government expenditure","43.3",""
"2012","Switzerland","Percentage of gross domestic product (GDP)","General government","Total","Total general government expenditure","32.4",""
"2012","United Kingdom","Percentage of gross domestic product (GDP)","General government","Total","Total general government expenditure","45.6",""
"2013","Belgium","Percentage of gross domestic product (GDP)","General government","Total","Total general government expenditure","56.1",""
"2013","Bulgaria","Percentage of gross domestic product (GDP)","General government","Total","Total general government expenditure","37.9",""
"2013","Czechia","Percentage of gross domestic product (GDP)","General government","Total","Total general government expenditure","42.7",""
"2013","Denmark","Percentage of gross domestic product (GDP)","General government","Total","Total general government expenditure","55.8",""
"2013","Germany (until 1990 former territory of the FRG)","Percentage of gross domestic product (GDP)","General government","Total","Total general government expenditure","44.9",""
"2013","Estonia","Percentage of gross domestic product (GDP)","General government","Total","Total general government expenditure","38.2",""
"2013","Ireland","Percentage of gross domestic product (GDP)","General government","Total","Total general government expenditure","40.8",""
"2013","Greece","Percentage of gross domestic product (GDP)","General government","Total","Total general government expenditure","62.7",""
"2013","Spain","Percentage of gross domestic product (GDP)","General government","Total","Total general government expenditure","45.8",""
"2013","France","Percentage of gross domestic product (GDP)","General government","Total","Total general government expenditure","57.2",""
"2013","Croatia","Percentage of gross domestic product (GDP)","General government","Total","Total general government expenditure","48.8",""
"2013","Italy","Percentage of gross domestic product (GDP)","General government","Total","Total general government expenditure","51.0",""
"2013","Cyprus","Percentage of gross domestic product (GDP)","General government","Total","Total general government expenditure","43.0",""
"2013","Latvia","Percentage of gross domestic product (GDP)","General government","Total","Total general government expenditure","38.2",""
"2013","Lithuania","Percentage of gross domestic product (GDP)","General government","Total","Total general government expenditure","35.5",""
"2013","Luxembourg","Percentage of gross domestic product (GDP)","General government","Total","Total general government expenditure","41.2",""
"2013","Hungary","Percentage of gross domestic product (GDP)","General government","Total","Total general government expenditure","50.2",""
"2013","Malta","Percentage of gross domestic product (GDP)","General government","Total","Total general government expenditure","40.5",""
"2013","Netherlands","Percentage of gross domestic product (GDP)","General government","Total","Total general government expenditure","46.5",""
"2013","Austria","Percentage of gross domestic product (GDP)","General government","Total","Total general government expenditure","51.6",""
"2013","Poland","Percentage of gross domestic product (GDP)","General government","Total","Total general government expenditure","43.0",""
"2013","Portugal","Percentage of gross domestic product (GDP)","General government","Total","Total general government expenditure","49.9",""
"2013","Romania","Percentage of gross domestic product (GDP)","General government","Total","Total general government expenditure","35.4",""
"2013","Slovenia","Percentage of gross domestic product (GDP)","General government","Total","Total general government expenditure","60.3",""
"2013","Slovakia","Percentage of gross domestic product (GDP)","General government","Total","Total general government expenditure","42.5",""
"2013","Finland","Percentage of gross domestic product (GDP)","General government","Total","Total general government expenditure","56.8",""
"2013","Sweden","Percentage of gross domestic product (GDP)","General government","Total","Total general government expenditure","51.6",""
"2013","Iceland","Percentage of gross domestic product (GDP)","General government","Total","Total general government expenditure","45.8",""
"2013","Norway","Percentage of gross domestic product (GDP)","General government","Total","Total general government expenditure","44.4",""
"2013","Switzerland","Percentage of gross domestic product (GDP)","General government","Total","Total general government expenditure","33.3",""
"2013","United Kingdom","Percentage of gross domestic product (GDP)","General government","Total","Total general government expenditure","43.9",""
"2014","Belgium","Percentage of gross domestic product (GDP)","General government","Total","Total general government expenditure","55.6",""
"2014","Bulgaria","Percentage of gross domestic product (GDP)","General government","Total","Total general government expenditure","43.3",""
"2014","Czechia","Percentage of gross domestic product (GDP)","General government","Total","Total general government expenditure","42.6",""
"2014","Denmark","Percentage of gross domestic product (GDP)","General government","Total","Total general government expenditure","55.2",""
"2014","Germany (until 1990 former territory of the FRG)","Percentage of gross domestic product (GDP)","General government","Total","Total general government expenditure","44.3",""
"2014","Estonia","Percentage of gross domestic product (GDP)","General government","Total","Total general government expenditure","37.5",""
"2014","Ireland","Percentage of gross domestic product (GDP)","General government","Total","Total general government expenditure","37.9",""
"2014","Greece","Percentage of gross domestic product (GDP)","General government","Total","Total general government expenditure","50.7",""
"2014","Spain","Percentage of gross domestic product (GDP)","General government","Total","Total general government expenditure","45.1",""
"2014","France","Percentage of gross domestic product (GDP)","General government","Total","Total general government expenditure","57.2",""
"2014","Croatia","Percentage of gross domestic product (GDP)","General government","Total","Total general government expenditure","49.2",""
"2014","Italy","Percentage of gross domestic product (GDP)","General government","Total","Total general government expenditure","50.9",""
"2014","Cyprus","Percentage of gross domestic product (GDP)","General government","Total","Total general government expenditure","49.4",""
"2014","Latvia","Percentage of gross domestic product (GDP)","General government","Total","Total general government expenditure","38.9",""
"2014","Lithuania","Percentage of gross domestic product (GDP)","General government","Total","Total general government expenditure","34.7",""
"2014","Luxembourg","Percentage of gross domestic product (GDP)","General government","Total","Total general government expenditure","40.6",""
"2014","Hungary","Percentage of gross domestic product (GDP)","General government","Total","Total general government expenditure","50.1",""
"2014","Malta","Percentage of gross domestic product (GDP)","General government","Total","Total general government expenditure","40.0",""
"2014","Netherlands","Percentage of gross domestic product (GDP)","General government","Total","Total general government expenditure","45.7",""
"2014","Austria","Percentage of gross domestic product (GDP)","General government","Total","Total general government expenditure","52.4",""
"2014","Poland","Percentage of gross domestic product (GDP)","General government","Total","Total general government expenditure","42.6",""
"2014","Portugal","Percentage of gross domestic product (GDP)","General government","Total","Total general government expenditure","51.7",""
"2014","Romania","Percentage of gross domestic product (GDP)","General government","Total","Total general government expenditure","35.3",""
"2014","Slovenia","Percentage of gross domestic product (GDP)","General government","Total","Total general government expenditure","50.8",""
"2014","Slovakia","Percentage of gross domestic product (GDP)","General government","Total","Total general government expenditure","43.3",""
"2014","Finland","Percentage of gross domestic product (GDP)","General government","Total","Total general government expenditure","57.3",""
"2014","Sweden","Percentage of gross domestic product (GDP)","General government","Total","Total general government expenditure","50.7",""
"2014","Iceland","Percentage of gross domestic product (GDP)","General government","Total","Total general government expenditure","45.7",""
"2014","Norway","Percentage of gross domestic product (GDP)","General government","Total","Total general government expenditure","46.3",""
"2014","Switzerland","Percentage of gross domestic product (GDP)","General government","Total","Total general government expenditure","32.9",""
"2014","United Kingdom","Percentage of gross domestic product (GDP)","General government","Total","Total general government expenditure","43.1",""
"2015","Belgium","Percentage of gross domestic product (GDP)","General government","Total","Total general government expenditure","53.7",""
"2015","Bulgaria","Percentage of gross domestic product (GDP)","General government","Total","Total general government expenditure","40.4",""
"2015","Czechia","Percentage of gross domestic product (GDP)","General government","Total","Total general government expenditure","41.9",""
"2015","Denmark","Percentage of gross domestic product (GDP)","General government","Total","Total general government expenditure","54.5",""
"2015","Germany (until 1990 former territory of the FRG)","Percentage of gross domestic product (GDP)","General government","Total","Total general government expenditure","44.1",""
"2015","Estonia","Percentage of gross domestic product (GDP)","General government","Total","Total general government expenditure","39.2",""
"2015","Ireland","Percentage of gross domestic product (GDP)","General government","Total","Total general government expenditure","29.3",""
"2015","Greece","Percentage of gross domestic product (GDP)","General government","Total","Total general government expenditure","53.9",""
"2015","Spain","Percentage of gross domestic product (GDP)","General government","Total","Total general government expenditure","43.9",""
"2015","France","Percentage of gross domestic product (GDP)","General government","Total","Total general government expenditure","56.8",""
"2015","Croatia","Percentage of gross domestic product (GDP)","General government","Total","Total general government expenditure","48.8",""
"2015","Italy","Percentage of gross domestic product (GDP)","General government","Total","Total general government expenditure","50.3",""
"2015","Cyprus","Percentage of gross domestic product (GDP)","General government","Total","Total general government expenditure","40.6",""
"2015","Latvia","Percentage of gross domestic product (GDP)","General government","Total","Total general government expenditure","38.7",""
"2015","Lithuania","Percentage of gross domestic product (GDP)","General government","Total","Total general government expenditure","35.1",""
"2015","Luxembourg","Percentage of gross domestic product (GDP)","General government","Total","Total general government expenditure","40.4",""
"2015","Hungary","Percentage of gross domestic product (GDP)","General government","Total","Total general government expenditure","50.4",""
"2015","Malta","Percentage of gross domestic product (GDP)","General government","Total","Total general government expenditure","38.3",""
"2015","Netherlands","Percentage of gross domestic product (GDP)","General government","Total","Total general government expenditure","44.6",""
"2015","Austria","Percentage of gross domestic product (GDP)","General government","Total","Total general government expenditure","51.1",""
"2015","Poland","Percentage of gross domestic product (GDP)","General government","Total","Total general government expenditure","41.7",""
"2015","Portugal","Percentage of gross domestic product (GDP)","General government","Total","Total general government expenditure","48.2",""
"2015","Romania","Percentage of gross domestic product (GDP)","General government","Total","Total general government expenditure","36.1",""
"2015","Slovenia","Percentage of gross domestic product (GDP)","General government","Total","Total general government expenditure","48.7",""
"2015","Slovakia","Percentage of gross domestic product (GDP)","General government","Total","Total general government expenditure","45.8",""
"2015","Finland","Percentage of gross domestic product (GDP)","General government","Total","Total general government expenditure","56.5","b"
"2015","Sweden","Percentage of gross domestic product (GDP)","General government","Total","Total general government expenditure","49.3",""
"2015","Iceland","Percentage of gross domestic product (GDP)","General government","Total","Total general government expenditure","43.4",""
"2015","Norway","Percentage of gross domestic product (GDP)","General government","Total","Total general government expenditure","49.3",""
"2015","Switzerland","Percentage of gross domestic product (GDP)","General government","Total","Total general government expenditure","33.2",""
"2015","United Kingdom","Percentage of gross domestic product (GDP)","General government","Total","Total general government expenditure","42.3",""
"2016","Belgium","Percentage of gross domestic product (GDP)","General government","Total","Total general government expenditure","53.1",""
"2016","Bulgaria","Percentage of gross domestic product (GDP)","General government","Total","Total general government expenditure","35.0",""
"2016","Czechia","Percentage of gross domestic product (GDP)","General government","Total","Total general government expenditure","39.8",""
"2016","Denmark","Percentage of gross domestic product (GDP)","General government","Total","Total general government expenditure","52.5",""
"2016","Germany (until 1990 former territory of the FRG)","Percentage of gross domestic product (GDP)","General government","Total","Total general government expenditure","44.4",""
"2016","Estonia","Percentage of gross domestic product (GDP)","General government","Total","Total general government expenditure","39.1",""
"2016","Ireland","Percentage of gross domestic product (GDP)","General government","Total","Total general government expenditure","28.2",""
"2016","Greece","Percentage of gross domestic product (GDP)","General government","Total","Total general government expenditure","49.7",""
"2016","Spain","Percentage of gross domestic product (GDP)","General government","Total","Total general government expenditure","42.4",""
"2016","France","Percentage of gross domestic product (GDP)","General government","Total","Total general government expenditure","56.7",""
"2016","Croatia","Percentage of gross domestic product (GDP)","General government","Total","Total general government expenditure","47.5",""
"2016","Italy","Percentage of gross domestic product (GDP)","General government","Total","Total general government expenditure","49.1",""
"2016","Cyprus","Percentage of gross domestic product (GDP)","General government","Total","Total general government expenditure","37.5",""
"2016","Latvia","Percentage of gross domestic product (GDP)","General government","Total","Total general government expenditure","37.4",""
"2016","Lithuania","Percentage of gross domestic product (GDP)","General government","Total","Total general government expenditure","34.2",""
"2016","Luxembourg","Percentage of gross domestic product (GDP)","General government","Total","Total general government expenditure","40.0",""
"2016","Hungary","Percentage of gross domestic product (GDP)","General government","Total","Total general government expenditure","46.8",""
"2016","Malta","Percentage of gross domestic product (GDP)","General government","Total","Total general government expenditure","35.9",""
"2016","Netherlands","Percentage of gross domestic product (GDP)","General government","Total","Total general government expenditure","43.6",""
"2016","Austria","Percentage of gross domestic product (GDP)","General government","Total","Total general government expenditure","50.1",""
"2016","Poland","Percentage of gross domestic product (GDP)","General government","Total","Total general government expenditure","41.1",""
"2016","Portugal","Percentage of gross domestic product (GDP)","General government","Total","Total general government expenditure","44.8",""
"2016","Romania","Percentage of gross domestic product (GDP)","General government","Total","Total general government expenditure","34.6",""
"2016","Slovenia","Percentage of gross domestic product (GDP)","General government","Total","Total general government expenditure","46.2",""
"2016","Slovakia","Percentage of gross domestic product (GDP)","General government","Total","Total general government expenditure","42.7",""
"2016","Finland","Percentage of gross domestic product (GDP)","General government","Total","Total general government expenditure","55.6",""
"2016","Sweden","Percentage of gross domestic product (GDP)","General government","Total","Total general government expenditure","49.7",""
"2016","Iceland","Percentage of gross domestic product (GDP)","General government","Total","Total general government expenditure","46.2",""
"2016","Norway","Percentage of gross domestic product (GDP)","General government","Total","Total general government expenditure","51.5",""
"2016","Switzerland","Percentage of gross domestic product (GDP)","General government","Total","Total general government expenditure","33.3",""
"2016","United Kingdom","Percentage of gross domestic product (GDP)","General government","Total","Total general government expenditure","41.5",""
"2017","Belgium","Percentage of gross domestic product (GDP)","General government","Total","Total general government expenditure","52.0",""
"2017","Bulgaria","Percentage of gross domestic product (GDP)","General government","Total","Total general government expenditure","34.9",""
"2017","Czechia","Percentage of gross domestic product (GDP)","General government","Total","Total general government expenditure","39.0",""
"2017","Denmark","Percentage of gross domestic product (GDP)","General government","Total","Total general government expenditure","50.5",""
"2017","Germany (until 1990 former territory of the FRG)","Percentage of gross domestic product (GDP)","General government","Total","Total general government expenditure","44.2",""
"2017","Estonia","Percentage of gross domestic product (GDP)","General government","Total","Total general government expenditure","39.2",""
"2017","Ireland","Percentage of gross domestic product (GDP)","General government","Total","Total general government expenditure","26.3",""
"2017","Greece","Percentage of gross domestic product (GDP)","General government","Total","Total general government expenditure","48.4",""
"2017","Spain","Percentage of gross domestic product (GDP)","General government","Total","Total general government expenditure","41.2",""
"2017","France","Percentage of gross domestic product (GDP)","General government","Total","Total general government expenditure","56.5",""
"2017","Croatia","Percentage of gross domestic product (GDP)","General government","Total","Total general government expenditure","45.3",""
"2017","Italy","Percentage of gross domestic product (GDP)","General government","Total","Total general government expenditure","48.8",""
"2017","Cyprus","Percentage of gross domestic product (GDP)","General government","Total","Total general government expenditure","36.8",""
"2017","Latvia","Percentage of gross domestic product (GDP)","General government","Total","Total general government expenditure","38.7",""
"2017","Lithuania","Percentage of gross domestic product (GDP)","General government","Total","Total general government expenditure","33.2",""
"2017","Luxembourg","Percentage of gross domestic product (GDP)","General government","Total","Total general government expenditure","41.3",""
"2017","Hungary","Percentage of gross domestic product (GDP)","General government","Total","Total general government expenditure","46.5",""
"2017","Malta","Percentage of gross domestic product (GDP)","General government","Total","Total general government expenditure","34.9",""
"2017","Netherlands","Percentage of gross domestic product (GDP)","General government","Total","Total general government expenditure","42.4",""
"2017","Austria","Percentage of gross domestic product (GDP)","General government","Total","Total general government expenditure","49.3",""
"2017","Poland","Percentage of gross domestic product (GDP)","General government","Total","Total general government expenditure","41.3",""
"2017","Portugal","Percentage of gross domestic product (GDP)","General government","Total","Total general government expenditure","45.4",""
"2017","Romania","Percentage of gross domestic product (GDP)","General government","Total","Total general government expenditure","33.5",""
"2017","Slovenia","Percentage of gross domestic product (GDP)","General government","Total","Total general government expenditure","44.1",""
"2017","Slovakia","Percentage of gross domestic product (GDP)","General government","Total","Total general government expenditure","41.4",""
"2017","Finland","Percentage of gross domestic product (GDP)","General government","Total","Total general government expenditure","53.6",""
"2017","Sweden","Percentage of gross domestic product (GDP)","General government","Total","Total general government expenditure","49.2",""
"2017","Iceland","Percentage of gross domestic product (GDP)","General government","Total","Total general government expenditure","44.5",""
"2017","Norway","Percentage of gross domestic product (GDP)","General government","Total","Total general government expenditure","50.5",""
"2017","Switzerland","Percentage of gross domestic product (GDP)","General government","Total","Total general government expenditure","33.3",""
"2017","United Kingdom","Percentage of gross domestic product (GDP)","General government","Total","Total general government expenditure","41.3",""
"2018","Belgium","Percentage of gross domestic product (GDP)","General government","Total","Total general government expenditure","52.2",""
"2018","Bulgaria","Percentage of gross domestic product (GDP)","General government","Total","Total general government expenditure","36.6",""
"2018","Czechia","Percentage of gross domestic product (GDP)","General government","Total","Total general government expenditure","40.6",""
"2018","Denmark","Percentage of gross domestic product (GDP)","General government","Total","Total general government expenditure","50.5",""
"2018","Germany (until 1990 former territory of the FRG)","Percentage of gross domestic product (GDP)","General government","Total","Total general government expenditure","44.5",""
"2018","Estonia","Percentage of gross domestic product (GDP)","General government","Total","Total general government expenditure","39.3",""
"2018","Ireland","Percentage of gross domestic product (GDP)","General government","Total","Total general government expenditure","25.6",""
"2018","Greece","Percentage of gross domestic product (GDP)","General government","Total","Total general government expenditure","48.4",""
"2018","Spain","Percentage of gross domestic product (GDP)","General government","Total","Total general government expenditure","41.7",""
"2018","France","Percentage of gross domestic product (GDP)","General government","Total","Total general government expenditure","55.7","p"
"2018","Croatia","Percentage of gross domestic product (GDP)","General government","Total","Total general government expenditure","46.0",""
"2018","Italy","Percentage of gross domestic product (GDP)","General government","Total","Total general government expenditure","48.4",""
"2018","Cyprus","Percentage of gross domestic product (GDP)","General government","Total","Total general government expenditure","43.1",""
"2018","Latvia","Percentage of gross domestic product (GDP)","General government","Total","Total general government expenditure","39.4",""
"2018","Lithuania","Percentage of gross domestic product (GDP)","General government","Total","Total general government expenditure","33.8",""
"2018","Luxembourg","Percentage of gross domestic product (GDP)","General government","Total","Total general government expenditure","42.1",""
"2018","Hungary","Percentage of gross domestic product (GDP)","General government","Total","Total general government expenditure","45.9",""
"2018","Malta","Percentage of gross domestic product (GDP)","General government","Total","Total general government expenditure","36.6",""
"2018","Netherlands","Percentage of gross domestic product (GDP)","General government","Total","Total general government expenditure","42.3",""
"2018","Austria","Percentage of gross domestic product (GDP)","General government","Total","Total general government expenditure","48.7",""
"2018","Poland","Percentage of gross domestic product (GDP)","General government","Total","Total general government expenditure","41.5",""
"2018","Portugal","Percentage of gross domestic product (GDP)","General government","Total","Total general government expenditure","43.2",""
"2018","Romania","Percentage of gross domestic product (GDP)","General government","Total","Total general government expenditure","34.9",""
"2018","Slovenia","Percentage of gross domestic product (GDP)","General government","Total","Total general government expenditure","43.5",""
"2018","Slovakia","Percentage of gross domestic product (GDP)","General government","Total","Total general government expenditure","41.7",""
"2018","Finland","Percentage of gross domestic product (GDP)","General government","Total","Total general government expenditure","53.4",""
"2018","Sweden","Percentage of gross domestic product (GDP)","General government","Total","Total general government expenditure","49.8",""
"2018","Iceland","Percentage of gross domestic product (GDP)","General government","Total","Total general government expenditure","44.0",""
"2018","Norway","Percentage of gross domestic product (GDP)","General government","Total","Total general government expenditure","48.8",""
"2018","Switzerland","Percentage of gross domestic product (GDP)","General government","Total","Total general government expenditure","32.5",""
"2018","United Kingdom","Percentage of gross domestic product (GDP)","General government","Total","Total general government expenditure","41.1",""
"2019","Belgium","Percentage of gross domestic product (GDP)","General government","Total","Total general government expenditure","52.1",""
"2019","Bulgaria","Percentage of gross domestic product (GDP)","General government","Total","Total general government expenditure","36.3",""
"2019","Czechia","Percentage of gross domestic product (GDP)","General government","Total","Total general government expenditure","41.3",""
"2019","Denmark","Percentage of gross domestic product (GDP)","General government","Total","Total general government expenditure","49.5",""
"2019","Germany (until 1990 former territory of the FRG)","Percentage of gross domestic product (GDP)","General government","Total","Total general government expenditure","45.2",""
"2019","Estonia","Percentage of gross domestic product (GDP)","General government","Total","Total general government expenditure","38.9",""
"2019","Ireland","Percentage of gross domestic product (GDP)","General government","Total","Total general government expenditure","24.5",""
"2019","Greece","Percentage of gross domestic product (GDP)","General government","Total","Total general government expenditure","47.5",""
"2019","Spain","Percentage of gross domestic product (GDP)","General government","Total","Total general government expenditure","42.1","p"
"2019","France","Percentage of gross domestic product (GDP)","General government","Total","Total general government expenditure","55.6","p"
"2019","Croatia","Percentage of gross domestic product (GDP)","General government","Total","Total general government expenditure","47.0",""
"2019","Italy","Percentage of gross domestic product (GDP)","General government","Total","Total general government expenditure","48.6",""
"2019","Cyprus","Percentage of gross domestic product (GDP)","General government","Total","Total general government expenditure","40.0",""
"2019","Latvia","Percentage of gross domestic product (GDP)","General government","Total","Total general government expenditure","38.4",""
"2019","Lithuania","Percentage of gross domestic product (GDP)","General government","Total","Total general government expenditure","34.6",""
"2019","Luxembourg","Percentage of gross domestic product (GDP)","General government","Total","Total general government expenditure","42.9",""
"2019","Hungary","Percentage of gross domestic product (GDP)","General government","Total","Total general government expenditure","45.6",""
"2019","Malta","Percentage of gross domestic product (GDP)","General government","Total","Total general government expenditure","37.1",""
"2019","Netherlands","Percentage of gross domestic product (GDP)","General government","Total","Total general government expenditure","42.0",""
"2019","Austria","Percentage of gross domestic product (GDP)","General government","Total","Total general government expenditure","48.6",""
"2019","Poland","Percentage of gross domestic product (GDP)","General government","Total","Total general government expenditure","41.8",""
"2019","Portugal","Percentage of gross domestic product (GDP)","General government","Total","Total general government expenditure","42.5","p"
"2019","Romania","Percentage of gross domestic product (GDP)","General government","Total","Total general government expenditure","36.2",""
"2019","Slovenia","Percentage of gross domestic product (GDP)","General government","Total","Total general government expenditure","43.3",""
"2019","Slovakia","Percentage of gross domestic product (GDP)","General government","Total","Total general government expenditure","42.7",""
"2019","Finland","Percentage of gross domestic product (GDP)","General government","Total","Total general government expenditure","53.2",""
"2019","Sweden","Percentage of gross domestic product (GDP)","General government","Total","Total general government expenditure","49.1",""
"2019","Iceland","Percentage of gross domestic product (GDP)","General government","Total","Total general government expenditure","43.8",""
"2019","Norway","Percentage of gross domestic product (GDP)","General government","Total","Total general government expenditure","51.5",""
"2019","Switzerland","Percentage of gross domestic product (GDP)","General government","Total","Total general government expenditure","32.7",""
"2019","United Kingdom","Percentage of gross domestic product (GDP)","General government","Total","Total general government expenditure","41.0",""
"2020","Belgium","Percentage of gross domestic product (GDP)","General government","Total","Total general government expenditure",":",""
"2020","Bulgaria","Percentage of gross domestic product (GDP)","General government","Total","Total general government expenditure",":",""
"2020","Czechia","Percentage of gross domestic product (GDP)","General government","Total","Total general government expenditure",":",""
"2020","Denmark","Percentage of gross domestic product (GDP)","General government","Total","Total general government expenditure","53.4",""
"2020","Germany (until 1990 former territory of the FRG)","Percentage of gross domestic product (GDP)","General government","Total","Total general government expenditure",":",""
"2020","Estonia","Percentage of gross domestic product (GDP)","General government","Total","Total general government expenditure",":",""
"2020","Ireland","Percentage of gross domestic product (GDP)","General government","Total","Total general government expenditure",":",""
"2020","Greece","Percentage of gross domestic product (GDP)","General government","Total","Total general government expenditure",":",""
"2020","Spain","Percentage of gross domestic product (GDP)","General government","Total","Total general government expenditure",":",""
"2020","France","Percentage of gross domestic product (GDP)","General government","Total","Total general government expenditure",":",""
"2020","Croatia","Percentage of gross domestic product (GDP)","General government","Total","Total general government expenditure",":",""
"2020","Italy","Percentage of gross domestic product (GDP)","General government","Total","Total general government expenditure",":",""
"2020","Cyprus","Percentage of gross domestic product (GDP)","General government","Total","Total general government expenditure",":",""
"2020","Latvia","Percentage of gross domestic product (GDP)","General government","Total","Total general government expenditure",":",""
"2020","Lithuania","Percentage of gross domestic product (GDP)","General government","Total","Total general government expenditure",":",""
"2020","Luxembourg","Percentage of gross domestic product (GDP)","General government","Total","Total general government expenditure","47.2",""
"2020","Hungary","Percentage of gross domestic product (GDP)","General government","Total","Total general government expenditure",":",""
"2020","Malta","Percentage of gross domestic product (GDP)","General government","Total","Total general government expenditure",":",""
"2020","Netherlands","Percentage of gross domestic product (GDP)","General government","Total","Total general government expenditure",":",""
"2020","Austria","Percentage of gross domestic product (GDP)","General government","Total","Total general government expenditure","57.1",""
"2020","Poland","Percentage of gross domestic product (GDP)","General government","Total","Total general government expenditure",":",""
"2020","Portugal","Percentage of gross domestic product (GDP)","General government","Total","Total general government expenditure",":",""
"2020","Romania","Percentage of gross domestic product (GDP)","General government","Total","Total general government expenditure",":",""
"2020","Slovenia","Percentage of gross domestic product (GDP)","General government","Total","Total general government expenditure",":",""
"2020","Slovakia","Percentage of gross domestic product (GDP)","General government","Total","Total general government expenditure",":",""
"2020","Finland","Percentage of gross domestic product (GDP)","General government","Total","Total general government expenditure",":",""
"2020","Sweden","Percentage of gross domestic product (GDP)","General government","Total","Total general government expenditure",":",""
"2020","Iceland","Percentage of gross domestic product (GDP)","General government","Total","Total general government expenditure",":",""
"2020","Norway","Percentage of gross domestic product (GDP)","General government","Total","Total general government expenditure",":",""
"2020","Switzerland","Percentage of gross domestic product (GDP)","General government","Total","Total general government expenditure",":",""
"2020","United Kingdom","Percentage of gross domestic product (GDP)","General government","Total","Total general government expenditure",":",""
